,schedule,lambda,trials,failed,std failed,restarts,std restarts,completed,std completed,evicted,std evicted,time,std time,time / img,std / img,time / megapixel,std / megapixel
0,random,15,5,0.0,0.8,4.0,2.3151673805580453,40.0,0.4,0.0,0.0,18.05,20.139349390999623,0.07118000000000001,0.14042313315727184,0.283355712890625,0.5560775319359458
1,vram-aware,15,5,1.0,0.9797958971132712,0.0,0.8,40.0,1.0954451150103321,0.0,0.0,17.868,34.51423179623926,0.08191,0.0862968125249969,0.36945343017578125,0.6895063485090609
2,random,10,5,2.0,4.963869458396342,13.0,17.848249213858484,58.0,5.083306010855534,0.0,0.0,21.088,35.4862326976402,0.090795,0.19003434486426476,0.3131103515625,2.195041449380959
3,vram-aware,10,5,5.0,4.48998886412873,1.0,1.8330302779823362,55.0,4.409081537009721,0.0,0.0,23.4825,39.614262323162514,0.09977875,0.11314697208421122,0.442352294921875,1.063280709123243
4,random,5,5,38.0,6.681317235396026,157.0,30.348640826238,84.0,6.6452990903344595,0.0,0.0,54.982,64.5601441351676,0.17410499999999998,0.39059669811914005,0.854034423828125,4.043941728887297
5,vram-aware,5,5,38.0,11.77454882362802,48.0,16.637307474468336,86.0,11.88949115816148,0.0,0.0,41.829,61.26800661507146,0.15923500000000002,0.25841561784922984,0.662994384765625,1.8053040075241016
6,random,4,1,63.0,0.0,228.0,0.0,90.0,0.0,0.0,0.0,84.893,66.79659101380548,0.26791125,0.40348523862344154,0.9722232818603516,4.03777089724896
7,vram-aware,4,4,52.5,13.534677683639163,134.0,26.81767141270845,100.5,14.396180048887969,0.0,0.0,57.449,60.068581728970955,0.24383000000000002,0.32385921543118,1.0512542724609375,3.2577611386180543
8,vram-aware,3,3,114.0,7.845734863959881,209.0,37.85058343892029,88.0,8.65383665716478,0.0,0.4714045207910317,82.3005,81.29752867832485,0.33593125,0.45419517654324254,1.483602523803711,5.252372370037226
